{"cameraMode":{"drawMode":0,"name":"Shaded","section":"Shading Mode"},"sceneLighting":false,"audioPlay":false,"sceneViewState":{"m_AlwaysRefresh":false,"showFog":true,"showSkybox":false,"showFlares":true,"showImageEffects":true,"showParticleSystems":true,"showVisualEffectGraphs":true,"m_FxEnabled":true},"in2DMode":false,"pivot":{"x":31.976346969604493,"y":0.8016924858093262,"z":51.45492172241211},"rotation":{"x":0.17996253073215486,"y":-0.1974855214357376,"z":0.037265997380018237,"w":0.9630086421966553},"size":0.8660265207290649,"orthographic":false}