{"cameraMode":{"drawMode":0,"name":"Shaded","section":"Shading Mode"},"sceneLighting":true,"audioPlay":false,"sceneViewState":{"m_AlwaysRefresh":false,"showFog":true,"showSkybox":false,"showFlares":true,"showImageEffects":true,"showParticleSystems":true,"showVisualEffectGraphs":true,"m_FxEnabled":true},"in2DMode":false,"pivot":{"x":0.03904998302459717,"y":0.017417266964912416,"z":0.6425312161445618},"rotation":{"x":0.0789407268166542,"y":-0.6791633367538452,"z":0.0738503560423851,"w":0.7260196805000305},"size":0.36899900436401369,"orthographic":false}