{"cameraMode":{"drawMode":0,"name":"Shaded","section":"Shading Mode"},"sceneLighting":false,"audioPlay":false,"sceneViewState":{"m_AlwaysRefresh":false,"showFog":true,"showSkybox":false,"showFlares":true,"showImageEffects":true,"showParticleSystems":true,"showVisualEffectGraphs":true,"m_FxEnabled":true},"in2DMode":false,"pivot":{"x":-0.030810296535491945,"y":-0.0034121274948120119,"z":-0.02946561574935913},"rotation":{"x":0.17996253073215486,"y":-0.1974855214357376,"z":0.037265997380018237,"w":0.9630086421966553},"size":0.9289540648460388,"orthographic":false}