{"cameraMode":{"drawMode":0,"name":"Shaded","section":"Shading Mode"},"sceneLighting":false,"audioPlay":false,"sceneViewState":{"m_AlwaysRefresh":false,"showFog":true,"showSkybox":false,"showFlares":true,"showImageEffects":true,"showParticleSystems":true,"showVisualEffectGraphs":true,"m_FxEnabled":true},"in2DMode":false,"pivot":{"x":-16.309770584106447,"y":-23.699386596679689,"z":-69.87498474121094},"rotation":{"x":-0.00273252185434103,"y":-0.9874275922775269,"z":0.1571325808763504,"w":-0.017176780849695207},"size":1.1660256385803223,"orthographic":false}