{"cameraMode":{"drawMode":0,"name":"Shaded","section":"Shading Mode"},"sceneLighting":false,"audioPlay":false,"sceneViewState":{"m_AlwaysRefresh":false,"showFog":true,"showSkybox":false,"showFlares":true,"showImageEffects":true,"showParticleSystems":true,"showVisualEffectGraphs":true,"m_FxEnabled":true},"in2DMode":false,"pivot":{"x":1.0661554336547852,"y":-0.2564905285835266,"z":0.4637012481689453},"rotation":{"x":-0.07997457683086395,"y":-0.5881743431091309,"z":0.058602772653102878,"w":-0.8026363849639893},"size":0.9866024851799011,"orthographic":false}