{"cameraMode":{"drawMode":0,"name":"Shaded","section":"Shading Mode"},"sceneLighting":false,"audioPlay":false,"sceneViewState":{"m_AlwaysRefresh":false,"showFog":true,"showSkybox":false,"showFlares":true,"showImageEffects":true,"showParticleSystems":true,"showVisualEffectGraphs":true,"m_FxEnabled":true},"in2DMode":false,"pivot":{"x":0.006868898868560791,"y":-0.006786748766899109,"z":-0.3253748416900635},"rotation":{"x":0.0689326673746109,"y":-0.7698768973350525,"z":-0.08440057933330536,"w":-0.6288256645202637},"size":0.3866024613380432,"orthographic":false}