{"cameraMode":{"drawMode":0,"name":"Shaded","section":"Shading Mode"},"sceneLighting":false,"audioPlay":false,"sceneViewState":{"m_AlwaysRefresh":false,"showFog":true,"showSkybox":false,"showFlares":true,"showImageEffects":true,"showParticleSystems":true,"showVisualEffectGraphs":true,"m_FxEnabled":true},"in2DMode":false,"pivot":{"x":0.6715793609619141,"y":0.6488993167877197,"z":-0.6499619483947754},"rotation":{"x":0.03030441701412201,"y":0.010492760688066483,"z":-0.00032048430875875056,"w":0.9994991421699524},"size":4.402667045593262,"orthographic":false}