{"cameraMode":{"drawMode":0,"name":"Shaded","section":"Shading Mode"},"sceneLighting":false,"audioPlay":false,"sceneViewState":{"m_AlwaysRefresh":false,"showFog":true,"showSkybox":false,"showFlares":true,"showImageEffects":true,"showParticleSystems":true,"showVisualEffectGraphs":true,"m_FxEnabled":true},"in2DMode":false,"pivot":{"x":-0.0000019073486328125,"y":5.273164749145508,"z":-0.00000858306884765625},"rotation":{"x":-0.009899082593619824,"y":0.9818740487098694,"z":-0.05337357893586159,"w":-0.18172430992126466},"size":18.2319393157959,"orthographic":false}