{"cameraMode":{"drawMode":0,"name":"Shaded","section":"Shading Mode"},"sceneLighting":true,"audioPlay":false,"sceneViewState":{"m_AlwaysRefresh":false,"showFog":true,"showSkybox":false,"showFlares":true,"showImageEffects":true,"showParticleSystems":true,"showVisualEffectGraphs":true,"m_FxEnabled":true},"in2DMode":false,"pivot":{"x":0.012361407279968262,"y":0.1604742407798767,"z":0.7154892086982727},"rotation":{"x":0.0789407268166542,"y":-0.6791633367538452,"z":0.0738503560423851,"w":0.7260196805000305},"size":0.7919747233390808,"orthographic":false}