{"cameraMode":{"drawMode":0,"name":"Shaded","section":"Shading Mode"},"sceneLighting":true,"audioPlay":false,"sceneViewState":{"m_AlwaysRefresh":false,"showFog":true,"showSkybox":true,"showFlares":true,"showImageEffects":true,"showParticleSystems":true,"showVisualEffectGraphs":true,"m_FxEnabled":true},"in2DMode":false,"pivot":{"x":2.5923821926116945,"y":1.3142333030700684,"z":2.5159902572631838},"rotation":{"x":0.1778039187192917,"y":-0.12800554931163789,"z":0.0234500914812088,"w":0.9754762649536133},"size":5.201572418212891,"orthographic":false}