{"cameraMode":{"drawMode":0,"name":"Shaded","section":"Shading Mode"},"sceneLighting":false,"audioPlay":false,"sceneViewState":{"m_AlwaysRefresh":false,"showFog":true,"showSkybox":true,"showFlares":true,"showImageEffects":true,"showParticleSystems":true,"showVisualEffectGraphs":true,"m_FxEnabled":true},"in2DMode":false,"pivot":{"x":14.013766288757325,"y":12.714101791381836,"z":-61.51206970214844},"rotation":{"x":0.0806976705789566,"y":-0.33554795384407046,"z":0.02886493131518364,"w":0.9381300806999207},"size":10.274042129516602,"orthographic":false}