{"cameraMode":{"drawMode":0,"name":"Shaded","section":"Shading Mode"},"sceneLighting":false,"audioPlay":false,"sceneViewState":{"m_AlwaysRefresh":false,"showFog":true,"showSkybox":true,"showFlares":true,"showImageEffects":true,"showParticleSystems":true,"showVisualEffectGraphs":true,"m_FxEnabled":true},"in2DMode":false,"pivot":{"x":-65.96609497070313,"y":4.8014936447143559,"z":35.22217559814453},"rotation":{"x":-0.20577992498874665,"y":0.021133162081241609,"z":-0.004444722551852465,"w":-0.9783613085746765},"size":7.376748085021973,"orthographic":false}