{"cameraMode":{"drawMode":0,"name":"Shaded","section":"Shading Mode"},"sceneLighting":true,"audioPlay":false,"sceneViewState":{"m_AlwaysRefresh":false,"showFog":true,"showSkybox":true,"showFlares":true,"showImageEffects":true,"showParticleSystems":true,"showVisualEffectGraphs":true,"m_FxEnabled":true},"in2DMode":false,"pivot":{"x":2.594238519668579,"y":2.0318403244018556,"z":8.664209365844727},"rotation":{"x":0.058492984622716907,"y":-0.0977376252412796,"z":0.005759677849709988,"w":0.9935006499290466},"size":7.338602066040039,"orthographic":false}