{"cameraMode":{"drawMode":0,"name":"Shaded","section":"Shading Mode"},"sceneLighting":true,"audioPlay":false,"sceneViewState":{"m_AlwaysRefresh":false,"showFog":true,"showSkybox":true,"showFlares":true,"showImageEffects":true,"showParticleSystems":true,"showVisualEffectGraphs":true,"m_FxEnabled":true},"in2DMode":false,"pivot":{"x":-6.783724308013916,"y":0.8514382839202881,"z":6.536988258361816},"rotation":{"x":-0.004312283359467983,"y":-0.9801701903343201,"z":0.19696615636348725,"w":-0.02146328054368496},"size":3.7989728450775148,"orthographic":false}