{"cameraMode":{"drawMode":0,"name":"Shaded","section":"Shading Mode"},"sceneLighting":false,"audioPlay":false,"sceneViewState":{"m_AlwaysRefresh":false,"showFog":true,"showSkybox":true,"showFlares":true,"showImageEffects":true,"showParticleSystems":true,"showVisualEffectGraphs":true,"m_FxEnabled":true},"in2DMode":false,"pivot":{"x":5.1510419845581059,"y":10.204147338867188,"z":-58.462440490722659},"rotation":{"x":-0.27418938279151919,"y":-0.25378382205963137,"z":0.07526538521051407,"w":-0.9245263338088989},"size":9.24870491027832,"orthographic":false}