{"cameraMode":{"drawMode":0,"name":"Shaded","section":"Shading Mode"},"sceneLighting":true,"audioPlay":false,"sceneViewState":{"m_AlwaysRefresh":false,"showFog":true,"showSkybox":true,"showFlares":true,"showImageEffects":true,"showParticleSystems":true,"showVisualEffectGraphs":true,"m_FxEnabled":true},"in2DMode":false,"pivot":{"x":-228.11141967773438,"y":-149.84976196289063,"z":-117.22198486328125},"rotation":{"x":0.12070413678884506,"y":-0.7443164587020874,"z":0.14053402841091157,"w":0.6417425274848938},"size":220.7090301513672,"orthographic":false}