{"cameraMode":{"drawMode":0,"name":"Shaded","section":"Shading Mode"},"sceneLighting":true,"audioPlay":false,"sceneViewState":{"m_AlwaysRefresh":false,"showFog":true,"showSkybox":true,"showFlares":true,"showImageEffects":true,"showParticleSystems":true,"showVisualEffectGraphs":true,"m_FxEnabled":true},"in2DMode":false,"pivot":{"x":-25.303586959838868,"y":0.5738306045532227,"z":14.238862991333008},"rotation":{"x":0.06332583725452423,"y":-0.4762902855873108,"z":0.0348026342689991,"w":0.8764054179191589},"size":19.414480209350587,"orthographic":false}