{"cameraMode":{"drawMode":0,"name":"Shaded","section":"Shading Mode"},"sceneLighting":true,"audioPlay":false,"sceneViewState":{"m_AlwaysRefresh":false,"showFog":true,"showSkybox":true,"showFlares":true,"showImageEffects":true,"showParticleSystems":true,"showVisualEffectGraphs":true,"m_FxEnabled":true},"in2DMode":false,"pivot":{"x":-17.430261611938478,"y":-15.830514907836914,"z":-72.1241683959961},"rotation":{"x":-0.0010063416557386518,"y":-0.9927390217781067,"z":0.12001620978116989,"w":-0.008333005011081696},"size":54.130226135253909,"orthographic":false}