{"cameraMode":{"drawMode":0,"name":"Shaded","section":"Shading Mode"},"sceneLighting":false,"audioPlay":false,"sceneViewState":{"m_AlwaysRefresh":false,"showFog":true,"showSkybox":true,"showFlares":true,"showImageEffects":true,"showParticleSystems":true,"showVisualEffectGraphs":true,"m_FxEnabled":true},"in2DMode":false,"pivot":{"x":-27.62287139892578,"y":0.7746340036392212,"z":1.7736387252807618},"rotation":{"x":0.05835996940732002,"y":0.6553125381469727,"z":-0.049863241612911227,"w":0.7518850564956665},"size":1.2677148580551148,"orthographic":false}