{"cameraMode":{"drawMode":0,"name":"Shaded","section":"Shading Mode"},"sceneLighting":false,"audioPlay":false,"sceneViewState":{"m_AlwaysRefresh":false,"showFog":true,"showSkybox":true,"showFlares":true,"showImageEffects":true,"showParticleSystems":true,"showVisualEffectGraphs":true,"m_FxEnabled":true},"in2DMode":false,"pivot":{"x":1.9610462188720704,"y":6.951085090637207,"z":-62.910606384277347},"rotation":{"x":-0.048512350767850879,"y":0.8934876918792725,"z":-0.09996045380830765,"w":-0.43579038977622988},"size":7.318286418914795,"orthographic":false}