{"cameraMode":{"drawMode":0,"name":"Shaded","section":"Shading Mode"},"sceneLighting":true,"audioPlay":false,"sceneViewState":{"m_AlwaysRefresh":false,"showFog":true,"showSkybox":true,"showFlares":true,"showImageEffects":true,"showParticleSystems":true,"showVisualEffectGraphs":true,"m_FxEnabled":true},"in2DMode":false,"pivot":{"x":165.57875061035157,"y":-68.57908630371094,"z":73.13114166259766},"rotation":{"x":0.13838359713554383,"y":0.5757614374160767,"z":-0.09956587851047516,"w":0.7996907234191895},"size":116.94671630859375,"orthographic":false}