{"cameraMode":{"drawMode":0,"name":"Shaded","section":"Shading Mode"},"sceneLighting":true,"audioPlay":false,"sceneViewState":{"m_AlwaysRefresh":false,"showFog":true,"showSkybox":true,"showFlares":true,"showImageEffects":true,"showParticleSystems":true,"showVisualEffectGraphs":true,"m_FxEnabled":true},"in2DMode":false,"pivot":{"x":3.2845029830932619,"y":1.8059921264648438,"z":13.434069633483887},"rotation":{"x":-0.3291005790233612,"y":-0.26224425435066225,"z":0.09567184001207352,"w":-0.9021077156066895},"size":7.912818431854248,"orthographic":false}