{"cameraMode":{"drawMode":0,"name":"Shaded","section":"Shading Mode"},"sceneLighting":true,"audioPlay":false,"sceneViewState":{"m_AlwaysRefresh":false,"showFog":true,"showSkybox":true,"showFlares":true,"showImageEffects":true,"showParticleSystems":true,"showVisualEffectGraphs":true,"m_FxEnabled":true},"in2DMode":false,"pivot":{"x":127.53807830810547,"y":-10.75469970703125,"z":692.1268310546875},"rotation":{"x":-0.06926600635051727,"y":-0.024617474526166917,"z":0.0008303908398374915,"w":-0.997503936290741},"size":254.84959411621095,"orthographic":false}