{"cameraMode":{"drawMode":0,"name":"Shaded","section":"Shading Mode"},"sceneLighting":false,"audioPlay":false,"sceneViewState":{"m_AlwaysRefresh":false,"showFog":true,"showSkybox":true,"showFlares":true,"showImageEffects":true,"showParticleSystems":true,"showVisualEffectGraphs":true,"m_FxEnabled":true},"in2DMode":false,"pivot":{"x":467.73529052734377,"y":56.853904724121097,"z":152.27560424804688},"rotation":{"x":0.03157534450292587,"y":-0.959663987159729,"z":0.12009892612695694,"w":0.2523065209388733},"size":128.5930938720703,"orthographic":false}