{"cameraMode":{"drawMode":0,"name":"Shaded","section":"Shading Mode"},"sceneLighting":false,"audioPlay":false,"sceneViewState":{"m_AlwaysRefresh":false,"showFog":true,"showSkybox":true,"showFlares":true,"showImageEffects":true,"showParticleSystems":true,"showVisualEffectGraphs":true,"m_FxEnabled":true},"in2DMode":false,"pivot":{"x":9.334397315979004,"y":26.793107986450197,"z":381.70599365234377},"rotation":{"x":-0.08089697360992432,"y":0.08912155777215958,"z":-0.007478922605514526,"w":-0.9929940700531006},"size":6.78425931930542,"orthographic":false}