{"cameraMode":{"drawMode":0,"name":"Shaded","section":"Shading Mode"},"sceneLighting":false,"audioPlay":false,"sceneViewState":{"m_AlwaysRefresh":false,"showFog":true,"showSkybox":true,"showFlares":true,"showImageEffects":true,"showParticleSystems":true,"showVisualEffectGraphs":true,"m_FxEnabled":true},"in2DMode":false,"pivot":{"x":54.487030029296878,"y":270.6648864746094,"z":-48.814239501953128},"rotation":{"x":-0.012726414017379284,"y":-0.957344651222229,"z":0.28701522946357729,"w":-0.039860352873802188},"size":565.6709594726563,"orthographic":false}