{"cameraMode":{"drawMode":0,"name":"Shaded","section":"Shading Mode"},"sceneLighting":true,"audioPlay":false,"sceneViewState":{"m_AlwaysRefresh":false,"showFog":true,"showSkybox":true,"showFlares":true,"showImageEffects":true,"showParticleSystems":true,"showVisualEffectGraphs":true,"m_FxEnabled":true},"in2DMode":false,"pivot":{"x":-26.426288604736329,"y":1.0969600677490235,"z":24.426494598388673},"rotation":{"x":0.03675238788127899,"y":-0.9262324571609497,"z":0.09369014203548432,"w":0.3632993996143341},"size":6.6496405601501469,"orthographic":false}