{"cameraMode":{"drawMode":0,"name":"Shaded","section":"Shading Mode"},"sceneLighting":true,"audioPlay":false,"sceneViewState":{"m_AlwaysRefresh":false,"showFog":true,"showSkybox":true,"showFlares":true,"showImageEffects":true,"showParticleSystems":true,"showVisualEffectGraphs":true,"m_FxEnabled":true},"in2DMode":false,"pivot":{"x":-17.076292037963868,"y":0.12648773193359376,"z":12.071598052978516},"rotation":{"x":-0.2998489737510681,"y":-0.6016561985015869,"z":0.26028597354888918,"w":-0.6930879950523377},"size":8.775116920471192,"orthographic":false}