{"cameraMode":{"drawMode":0,"name":"Shaded","section":"Shading Mode"},"sceneLighting":false,"audioPlay":false,"sceneViewState":{"m_AlwaysRefresh":false,"showFog":true,"showSkybox":true,"showFlares":true,"showImageEffects":true,"showParticleSystems":true,"showVisualEffectGraphs":true,"m_FxEnabled":true},"in2DMode":false,"pivot":{"x":-1.2790048122406006,"y":27.49016761779785,"z":381.57366943359377},"rotation":{"x":-0.07074706256389618,"y":0.021961921826004983,"z":-0.0017774557927623392,"w":-0.9975423812866211},"size":6.784257411956787,"orthographic":false}